{
    "J1_hat": 0.001404661234648494,
    "s_bar": 0.000774522890763629,
    "k": 6.302949766034575e-07,
    "J2_hat": 0.0001585677032289593,
    "b2": 2.2964960750173336e-05,
    "l2": 0.09495757746422594
}